[{"id":"kntn8mzw","name":"Kennedy Terrell","podcast_id":"6071900f92ea165a5fef2bb5","email":"kennedy.terrell@gmail.com"},{"id":"kntn8oji","name":"Morgan Petersen","podcast_id":"6071900f92ea165a5fef2bb5","email":"morgan.petersen@gmail.com"},{"id":"kntn8q35","name":"Norton Terry","podcast_id":"6071900f92ea165a5fef2bb5","email":"norton.terry@gmail.com"},{"id":"kntn8rmr","name":"Massey Huber","podcast_id":"6071900f15b395c7ae6c07bb","email":"massey.huber@gmail.com"},{"id":"kntn8t6b","name":"Little Scott","podcast_id":"6071900f15b395c7ae6c07bb","email":"little.scott@gmail.com"},{"id":"kntn8upy","name":"Gilmore Oneill","podcast_id":"6071900f15b395c7ae6c07bb","email":"gilmore.oneill@gmail.com"},{"id":"kntn8w9j","name":"Meghan Mendoza","podcast_id":"6071900fea6f04f4c9d66f5d","email":"meghan.mendoza@gmail.com"},{"id":"kntn8xt4","name":"Priscilla Guerra","podcast_id":"6071900fea6f04f4c9d66f5d","email":"priscilla.guerra@gmail.com"},{"id":"kntn8zcw","name":"Crosby Macdonald","podcast_id":"6071900f601016eadde10848","email":"crosby.macdonald@gmail.com"},{"id":"kntn90wg","name":"Katharine Farley","podcast_id":"6071900f601016eadde10848","email":"katharine.farley@gmail.com"},{"id":"kntn92g1","name":"Lucy Hardin","podcast_id":"6071900f88ff5849d9cc3cfb","email":"lucy.hardin@gmail.com"},{"id":"kntn93zp","name":"Mccoy Arnold","podcast_id":"6071900f88ff5849d9cc3cfb","email":"mccoy.arnold@gmail.com"},{"id":"kntn95j9","name":"Tyson Hodges","podcast_id":"6071900ffc7fa64d1d16f7cc","email":"tyson.hodges@gmail.com"},{"id":"kntn972t","name":"Cooley Christian","podcast_id":"6071900ffc7fa64d1d16f7cc","email":"cooley.christian@gmail.com"},{"id":"kntn98mf","name":"Summer Wilkins","podcast_id":"6071900fbaff87c1a9b1ff52","email":"summer.wilkins@gmail.com"},{"id":"kntn9a60","name":"Hannah Clark","podcast_id":"6071900f45ba2203c9abcf76","email":"hannah.clark@gmail.com"},{"id":"kntn9bpm","name":"Nanette Davenport","podcast_id":"6071900ff1db49122ed72ef7","email":"nanette.davenport@gmail.com"},{"id":"kntn9d97","name":"Meyer Garrison","podcast_id":"6071900ff1db49122ed72ef7","email":"meyer.garrison@gmail.com"},{"id":"kntn9ess","name":"Murphy Donaldson","podcast_id":"6071900ff1db49122ed72ef7","email":"murphy.donaldson@gmail.com"},{"id":"kntn9gcd","name":"Gordon Sanders","podcast_id":"6071900fb3f98f6627dab976","email":"gordon.sanders@gmail.com"},{"id":"kntn9hvx","name":"Delgado Wilder","podcast_id":"6071900fb3f98f6627dab976","email":"delgado.wilder@gmail.com"},{"id":"kntn9jfz","name":"Joyce Donovan","podcast_id":"6071900fb3f98f6627dab976","email":"joyce.donovan@gmail.com"},{"id":"kntn9kzj","name":"Bridgette Bryan","podcast_id":"6071900f7242d3bd79ddb8ae","email":"bridgette.bryan@gmail.com"},{"id":"kntn9mj5","name":"Judy Berg","podcast_id":"6071900f63ad17902977aaea","email":"judy.berg@gmail.com"},{"id":"kntn9o2u","name":"Lang Shaffer","podcast_id":"6071900fd4ea346b96524285","email":"lang.shaffer@gmail.com"},{"id":"kntn9pmf","name":"Combs Medina","podcast_id":"6071900fd4ea346b96524285","email":"combs.medina@gmail.com"},{"id":"kntn9r61","name":"Park Greer","podcast_id":"6071900fd4ea346b96524285","email":"park.greer@gmail.com"},{"id":"kntn9spm","name":"Carpenter Hayes","podcast_id":"6071900f774e8dd9d8d9a1c8","email":"carpenter.hayes@gmail.com"},{"id":"kntn9u96","name":"Juliana Weaver","podcast_id":"6071900f774e8dd9d8d9a1c8","email":"juliana.weaver@gmail.com"},{"id":"kntn9vss","name":"Ruiz Brown","podcast_id":"6071900f774e8dd9d8d9a1c8","email":"ruiz.brown@gmail.com"},{"id":"kntn9xcf","name":"Tameka Miller","podcast_id":"6071900ffb508af395239e51","email":"tameka.miller@gmail.com"},{"id":"kntn9yw0","name":"Mccray Travis","podcast_id":"6071900ffb508af395239e51","email":"mccray.travis@gmail.com"},{"id":"kntna0fl","name":"Cooke Ramsey","podcast_id":"6071900ffb508af395239e51","email":"cooke.ramsey@gmail.com"},{"id":"kntna1z6","name":"Celeste Trujillo","podcast_id":"6071900f18da95d3aa949d2e","email":"celeste.trujillo@gmail.com"},{"id":"kntna3ir","name":"Minerva Langley","podcast_id":"6071900f13a434d33790e2ad","email":"minerva.langley@gmail.com"},{"id":"kntna52c","name":"Kris Knapp","podcast_id":"6071900fd7b3d7def0977821","email":"kris.knapp@gmail.com"},{"id":"kntna6lw","name":"Patrick Newman","podcast_id":"6071900fd7b3d7def0977821","email":"patrick.newman@gmail.com"},{"id":"kntna85h","name":"Richard Maynard","podcast_id":"6071900fd33dc1c77bb798a1","email":"richard.maynard@gmail.com"},{"id":"kntna9p2","name":"Gonzales Henry","podcast_id":"6071900fd33dc1c77bb798a1","email":"gonzales.henry@gmail.com"},{"id":"kntnab8m","name":"Carolina Dominguez","podcast_id":"6071900fd33dc1c77bb798a1","email":"carolina.dominguez@gmail.com"},{"id":"kntnacs7","name":"Jacqueline Holmes","podcast_id":"6071900fc550264d1a994163","email":"jacqueline.holmes@gmail.com"},{"id":"kntnaebs","name":"Elsie Richard","podcast_id":"6071900fc550264d1a994163","email":"elsie.richard@gmail.com"},{"id":"kntnafvf","name":"Lou Gallagher","podcast_id":"6071900fc34d298f7f7b458e","email":"lou.gallagher@gmail.com"},{"id":"kntnahez","name":"Bowman Mccarty","podcast_id":"6071900f8c9752fcf6681668","email":"bowman.mccarty@gmail.com"},{"id":"kntnaiyj","name":"Janelle Whitney","podcast_id":"6071900f8c9752fcf6681668","email":"janelle.whitney@gmail.com"},{"id":"kntnaki3","name":"Lauri Carey","podcast_id":"6071900fb5ac3e1750ae5a2c","email":"lauri.carey@gmail.com"},{"id":"kntnam1o","name":"Gertrude Gardner","podcast_id":"6071900fb5ac3e1750ae5a2c","email":"gertrude.gardner@gmail.com"},{"id":"kntnanl7","name":"Merritt Wall","podcast_id":"6071900fb5ac3e1750ae5a2c","email":"merritt.wall@gmail.com"},{"id":"kntnap4r","name":"Warner Patrick","podcast_id":"6071900f27da800253cab6a8","email":"warner.patrick@gmail.com"},{"id":"kntnaqod","name":"Jacobs Mclaughlin","podcast_id":"6071900f27da800253cab6a8","email":"jacobs.mclaughlin@gmail.com"},{"id":"kntnas7y","name":"Elnora Cortez","podcast_id":"6071900f27da800253cab6a8","email":"elnora.cortez@gmail.com"},{"id":"kntnatrl","name":"Melissa Ratliff","podcast_id":"6071900f42b7577aad64f67f","email":"melissa.ratliff@gmail.com"},{"id":"kntnavb5","name":"Nguyen Knowles","podcast_id":"6071900f42b7577aad64f67f","email":"nguyen.knowles@gmail.com"},{"id":"kntnawuq","name":"Kellie Mason","podcast_id":"6071900f7e542db8c225c0f7","email":"kellie.mason@gmail.com"},{"id":"kntnayeb","name":"Rice Mcguire","podcast_id":"6071900f7e542db8c225c0f7","email":"rice.mcguire@gmail.com"},{"id":"kntnazxv","name":"Larson Mclean","podcast_id":"6071900ffe748709ce05670f","email":"larson.mclean@gmail.com"},{"id":"kntnb1hh","name":"Patti Jarvis","podcast_id":"6071900ffe748709ce05670f","email":"patti.jarvis@gmail.com"},{"id":"kntnb311","name":"Dominguez Townsend","podcast_id":"6071900f3ffe7700d38bc5f3","email":"dominguez.townsend@gmail.com"},{"id":"kntnb4km","name":"Golden Cherry","podcast_id":"6071900f3ffe7700d38bc5f3","email":"golden.cherry@gmail.com"},{"id":"kntnb647","name":"Beverly Murray","podcast_id":"6071900f3ffe7700d38bc5f3","email":"beverly.murray@gmail.com"},{"id":"kntnb7nu","name":"Santana Erickson","podcast_id":"6071900f1edab9084d845abc","email":"santana.erickson@gmail.com"},{"id":"kntnb97h","name":"Lowe Briggs","podcast_id":"6071900f1edab9084d845abc","email":"lowe.briggs@gmail.com"},{"id":"kntnbar1","name":"Cantu Harrell","podcast_id":"6071900ffecfe4e3d19b8084","email":"cantu.harrell@gmail.com"},{"id":"kntnbcan","name":"Nadine Poole","podcast_id":"6071900f22b18347fb12112f","email":"nadine.poole@gmail.com"},{"id":"kntnbdu8","name":"Claudia Watson","podcast_id":"6071900f22b18347fb12112f","email":"claudia.watson@gmail.com"},{"id":"kntnbfdt","name":"Whitley Houston","podcast_id":"6071900f22b18347fb12112f","email":"whitley.houston@gmail.com"},{"id":"kntnbgxf","name":"Marta Avila","podcast_id":"6071900fede70f3f27fbda14","email":"marta.avila@gmail.com"},{"id":"kntnbigz","name":"Horne Weber","podcast_id":"6071900fede70f3f27fbda14","email":"horne.weber@gmail.com"},{"id":"kntnbk0k","name":"Curry Cleveland","podcast_id":"6071900fede70f3f27fbda14","email":"curry.cleveland@gmail.com"},{"id":"kntnblk7","name":"Goodman Summers","podcast_id":"6071900fdf5dd32181669944","email":"goodman.summers@gmail.com"},{"id":"kntnbn3r","name":"Tara Boone","podcast_id":"6071900fdf5dd32181669944","email":"tara.boone@gmail.com"},{"id":"kntnbonc","name":"Britney Villarreal","podcast_id":"6071900f83e9c84e14d08e18","email":"britney.villarreal@gmail.com"},{"id":"kntnbq6v","name":"Ana Nichols","podcast_id":"6071900fd5b350b519673656","email":"ana.nichols@gmail.com"},{"id":"kntnbrqg","name":"Wiley Velasquez","podcast_id":"6071900fd5b350b519673656","email":"wiley.velasquez@gmail.com"},{"id":"kntnbta0","name":"Lynn Barton","podcast_id":"6071900fd5b350b519673656","email":"lynn.barton@gmail.com"},{"id":"kntnbutl","name":"Edith Eaton","podcast_id":"6071900f155b9c8d92828ad2","email":"edith.eaton@gmail.com"},{"id":"kntnbwd6","name":"Woods Thornton","podcast_id":"6071900f8752a95b55264a77","email":"woods.thornton@gmail.com"},{"id":"kntnbxwq","name":"Judith Berger","podcast_id":"6071900f8752a95b55264a77","email":"judith.berger@gmail.com"},{"id":"kntnbzgb","name":"Cook Clements","podcast_id":"6071900f8752a95b55264a77","email":"cook.clements@gmail.com"},{"id":"kntnc0zv","name":"Holcomb Ingram","podcast_id":"6071900f54e849d4c05b614d","email":"holcomb.ingram@gmail.com"},{"id":"kntnc2jg","name":"Martin Smith","podcast_id":"6071900f289094457bb95949","email":"martin.smith@gmail.com"},{"id":"kntnc431","name":"Deana Boyd","podcast_id":"6071900f289094457bb95949","email":"deana.boyd@gmail.com"},{"id":"kntnc5ml","name":"Dorothy Park","podcast_id":"6071900f917dd1fbc1786b24","email":"dorothy.park@gmail.com"},{"id":"kntnc766","name":"Quinn Garcia","podcast_id":"6071900f917dd1fbc1786b24","email":"quinn.garcia@gmail.com"},{"id":"kntnc8pr","name":"Jasmine Goodwin","podcast_id":"6071900f917dd1fbc1786b24","email":"jasmine.goodwin@gmail.com"},{"id":"kntnca9f","name":"Barton Hill","podcast_id":"6071900fd289449d60fb2f5f","email":"barton.hill@gmail.com"},{"id":"kntncbt1","name":"Madge Parker","podcast_id":"6071900fd289449d60fb2f5f","email":"madge.parker@gmail.com"},{"id":"kntncdcl","name":"Rhonda Guthrie","podcast_id":"6071900fd289449d60fb2f5f","email":"rhonda.guthrie@gmail.com"},{"id":"kntncew5","name":"Nieves Burgess","podcast_id":"6071900f461c20360a289202","email":"nieves.burgess@gmail.com"},{"id":"kntncgfq","name":"Terrie Barry","podcast_id":"6071900f461c20360a289202","email":"terrie.barry@gmail.com"},{"id":"kntnchza","name":"Whitehead Kinney","podcast_id":"6071900f461c20360a289202","email":"whitehead.kinney@gmail.com"},{"id":"kntncjiv","name":"Walsh Mcdaniel","podcast_id":"6071900fcec82f84c1ee1975","email":"walsh.mcdaniel@gmail.com"},{"id":"kntncl2h","name":"Molina Lott","podcast_id":"6071900f23cfaef9cee2b725","email":"molina.lott@gmail.com"},{"id":"kntncmm1","name":"Hope Kaufman","podcast_id":"6071900f23cfaef9cee2b725","email":"hope.kaufman@gmail.com"},{"id":"kntnco5l","name":"Isabella Stanley","podcast_id":"6071900f23cfaef9cee2b725","email":"isabella.stanley@gmail.com"},{"id":"kntncppx","name":"Dyer Ballard","podcast_id":"6071900f5b2c130b07afe47b","email":"dyer.ballard@gmail.com"},{"id":"kntncr9i","name":"Stephenson Jenkins","podcast_id":"6071900f274cbca5eecb47e7","email":"stephenson.jenkins@gmail.com"},{"id":"kntncst4","name":"Gates Edwards","podcast_id":"6071900f6f7faf4805b54d67","email":"gates.edwards@gmail.com"},{"id":"kntncucp","name":"Bray Morales","podcast_id":"6071900f6f7faf4805b54d67","email":"bray.morales@gmail.com"},{"id":"kntncvwc","name":"Amber Rocha","podcast_id":"6071900f6f7faf4805b54d67","email":"amber.rocha@gmail.com"},{"id":"kntncxfx","name":"Pittman Hebert","podcast_id":"6071900fc43d08d8767593ec","email":"pittman.hebert@gmail.com"},{"id":"kntncyzi","name":"Gill Lancaster","podcast_id":"6071900fe9ffc4027ec4d944","email":"gill.lancaster@gmail.com"},{"id":"kntnd0j2","name":"Mendoza Hooper","podcast_id":"6071900fe9ffc4027ec4d944","email":"mendoza.hooper@gmail.com"},{"id":"kntnd22p","name":"Knapp Porter","podcast_id":"6071900fe9ffc4027ec4d944","email":"knapp.porter@gmail.com"},{"id":"kntnd3ma","name":"Tillman Espinoza","podcast_id":"6071900fe4570edaeb31d62a","email":"tillman.espinoza@gmail.com"},{"id":"kntnd55u","name":"Joann Faulkner","podcast_id":"6071900fe4570edaeb31d62a","email":"joann.faulkner@gmail.com"},{"id":"kntnd6pe","name":"Herring Clay","podcast_id":"6071900fe4570edaeb31d62a","email":"herring.clay@gmail.com"},{"id":"kntnd88z","name":"Hickman Hammond","podcast_id":"6071900f1f6709bf2c442f37","email":"hickman.hammond@gmail.com"},{"id":"kntnd9sj","name":"Ladonna Quinn","podcast_id":"6071900f1f6709bf2c442f37","email":"ladonna.quinn@gmail.com"},{"id":"kntndbc4","name":"Pierce Brady","podcast_id":"6071900fdd220635a0b60ad0","email":"pierce.brady@gmail.com"},{"id":"kntndcvp","name":"Anastasia Lester","podcast_id":"6071900fdd220635a0b60ad0","email":"anastasia.lester@gmail.com"},{"id":"kntndefb","name":"Misty Howard","podcast_id":"6071900f3ddfbcd8caa8f592","email":"misty.howard@gmail.com"},{"id":"kntndfyw","name":"Shawn Robles","podcast_id":"6071900fe82f85eb2fb4a83c","email":"shawn.robles@gmail.com"},{"id":"kntndhih","name":"Chrystal Howe","podcast_id":"6071900fe82f85eb2fb4a83c","email":"chrystal.howe@gmail.com"},{"id":"kntndj22","name":"Karina Meyer","podcast_id":"6071900fdd417f811aa91815","email":"karina.meyer@gmail.com"},{"id":"kntndkln","name":"Sutton Perkins","podcast_id":"6071900fdd417f811aa91815","email":"sutton.perkins@gmail.com"},{"id":"kntndm5a","name":"Lea Shepherd","podcast_id":"6071900fdd417f811aa91815","email":"lea.shepherd@gmail.com"},{"id":"kntndnoy","name":"Natasha Lopez","podcast_id":"6071900f9d7ffdb667d368ea","email":"natasha.lopez@gmail.com"},{"id":"kntndp8j","name":"Gwen Wong","podcast_id":"6071900f13f54d8366b18f00","email":"gwen.wong@gmail.com"},{"id":"kntndqs5","name":"Callie Buckner","podcast_id":"6071900f13f54d8366b18f00","email":"callie.buckner@gmail.com"},{"id":"kntndsbp","name":"Holder Reid","podcast_id":"6071900f13f54d8366b18f00","email":"holder.reid@gmail.com"},{"id":"kntndtva","name":"Church Mcpherson","podcast_id":"6071900f76643d454f877ef1","email":"church.mcpherson@gmail.com"},{"id":"kntndveu","name":"Hattie Bolton","podcast_id":"6071900f76643d454f877ef1","email":"hattie.bolton@gmail.com"},{"id":"kntndwyf","name":"Baker Hughes","podcast_id":"6071900f76643d454f877ef1","email":"baker.hughes@gmail.com"},{"id":"kntndyhz","name":"Araceli Estes","podcast_id":"6071900f1957b21a62f77716","email":"araceli.estes@gmail.com"},{"id":"kntne01j","name":"Katie Stephenson","podcast_id":"6071900f1957b21a62f77716","email":"katie.stephenson@gmail.com"},{"id":"kntne1l4","name":"Eddie Forbes","podcast_id":"6071900f1957b21a62f77716","email":"eddie.forbes@gmail.com"},{"id":"kntne34r","name":"Stuart Harmon","podcast_id":"6071900f15d9886c18ad5302","email":"stuart.harmon@gmail.com"},{"id":"kntne4ob","name":"Frances Davidson","podcast_id":"6071900f15d9886c18ad5302","email":"frances.davidson@gmail.com"},{"id":"kntne67w","name":"Guerra Davis","podcast_id":"6071900f15d9886c18ad5302","email":"guerra.davis@gmail.com"},{"id":"kntne7rg","name":"Mcbride Dickson","podcast_id":"6071900f8391342638f6952a","email":"mcbride.dickson@gmail.com"},{"id":"kntne9b0","name":"Deborah Oneal","podcast_id":"6071900f8391342638f6952a","email":"deborah.oneal@gmail.com"},{"id":"kntneaum","name":"Tran Leach","podcast_id":"6071900f68dccd3f484830f5","email":"tran.leach@gmail.com"},{"id":"kntnece6","name":"Sue Caldwell","podcast_id":"6071900f76b7a7df48f1f0e0","email":"sue.caldwell@gmail.com"},{"id":"kntnedxr","name":"Mcintyre Kline","podcast_id":"6071900f76b7a7df48f1f0e0","email":"mcintyre.kline@gmail.com"},{"id":"kntnefhb","name":"Weber Alvarado","podcast_id":"6071900fc1283fd373fbce57","email":"weber.alvarado@gmail.com"},{"id":"kntneh0y","name":"Ida Patterson","podcast_id":"6071900fc1283fd373fbce57","email":"ida.patterson@gmail.com"},{"id":"kntneikj","name":"Hampton Slater","podcast_id":"6071900fc1283fd373fbce57","email":"hampton.slater@gmail.com"},{"id":"kntnek44","name":"Burnett Guzman","podcast_id":"6071900f87276147a91dccd5","email":"burnett.guzman@gmail.com"},{"id":"kntnelnp","name":"Eve Hunt","podcast_id":"6071900f87276147a91dccd5","email":"eve.hunt@gmail.com"},{"id":"kntnen7t","name":"Lana Reed","podcast_id":"6071900f87276147a91dccd5","email":"lana.reed@gmail.com"},{"id":"kntneorg","name":"Gray Potts","podcast_id":"6071900f31a8f18e179eaca1","email":"gray.potts@gmail.com"},{"id":"kntneqb0","name":"Rodgers Butler","podcast_id":"6071900f31a8f18e179eaca1","email":"rodgers.butler@gmail.com"},{"id":"kntneruk","name":"Hooper Mccall","podcast_id":"6071900f44df2855518d5a32","email":"hooper.mccall@gmail.com"},{"id":"kntnete4","name":"Marva Holt","podcast_id":"6071900f44df2855518d5a32","email":"marva.holt@gmail.com"},{"id":"kntneuxp","name":"Haley Sutton","podcast_id":"6071900f44df2855518d5a32","email":"haley.sutton@gmail.com"},{"id":"kntnewha","name":"Flora Martinez","podcast_id":"6071900f79b25ebdb0259973","email":"flora.martinez@gmail.com"},{"id":"kntney0u","name":"Mills Russo","podcast_id":"6071900f79b25ebdb0259973","email":"mills.russo@gmail.com"},{"id":"kntnezkf","name":"Lenora Harris","podcast_id":"6071900f21d6266104083382","email":"lenora.harris@gmail.com"},{"id":"kntnf140","name":"Webster Kemp","podcast_id":"6071900f21d6266104083382","email":"webster.kemp@gmail.com"},{"id":"kntnf2nl","name":"Charles Rivas","podcast_id":"6071900f06ef55587d811796","email":"charles.rivas@gmail.com"},{"id":"kntnf476","name":"Green Harrington","podcast_id":"6071900f06ef55587d811796","email":"green.harrington@gmail.com"},{"id":"kntnf5qr","name":"Snow Hodge","podcast_id":"6071900f06ef55587d811796","email":"snow.hodge@gmail.com"},{"id":"kntnf7ab","name":"Cobb Dennis","podcast_id":"6071900fff6a75efa85f99d2","email":"cobb.dennis@gmail.com"},{"id":"kntnf8tw","name":"Bernadine Kramer","podcast_id":"6071900fff6a75efa85f99d2","email":"bernadine.kramer@gmail.com"},{"id":"kntnfadj","name":"Lowery Doyle","podcast_id":"6071900fb86f94a40e9754db","email":"lowery.doyle@gmail.com"},{"id":"kntnfbx3","name":"Goldie Lee","podcast_id":"6071900fb86f94a40e9754db","email":"goldie.lee@gmail.com"},{"id":"kntnfdgo","name":"Branch Hardy","podcast_id":"6071900fb86f94a40e9754db","email":"branch.hardy@gmail.com"},{"id":"kntnff08","name":"Oconnor Bartlett","podcast_id":"6071900f158a2884da7dcabf","email":"oconnor.bartlett@gmail.com"},{"id":"kntnfgjw","name":"June Swanson","podcast_id":"6071900f158a2884da7dcabf","email":"june.swanson@gmail.com"},{"id":"kntnfi3m","name":"Franklin Mcneil","podcast_id":"6071900f158a2884da7dcabf","email":"franklin.mcneil@gmail.com"},{"id":"kntnfjn7","name":"Harrington Battle","podcast_id":"6071900f0438ac23aa52dd07","email":"harrington.battle@gmail.com"},{"id":"kntnfl6r","name":"Koch Saunders","podcast_id":"6071900f0438ac23aa52dd07","email":"koch.saunders@gmail.com"},{"id":"kntnfmqc","name":"Vicky Castillo","podcast_id":"6071900f3987a7fca928286d","email":"vicky.castillo@gmail.com"},{"id":"kntnfo9x","name":"Mcmillan Collins","podcast_id":"6071900f0c3c4cf25fd0ac2c","email":"mcmillan.collins@gmail.com"},{"id":"kntnfpth","name":"Frieda Barker","podcast_id":"6071900f0c3c4cf25fd0ac2c","email":"frieda.barker@gmail.com"},{"id":"kntnfrd2","name":"Rosa Gould","podcast_id":"6071900f472f367a9c132074","email":"rosa.gould@gmail.com"},{"id":"kntnfswm","name":"Haley Wilkinson","podcast_id":"6071900f472f367a9c132074","email":"haley.wilkinson@gmail.com"},{"id":"kntnfug8","name":"Russo Lewis","podcast_id":"6071900f472f367a9c132074","email":"russo.lewis@gmail.com"},{"id":"kntnfvzt","name":"Jerri Horne","podcast_id":"6071900f76f2f02e1e446e45","email":"jerri.horne@gmail.com"},{"id":"kntnfxjd","name":"Kimberly Salas","podcast_id":"6071900fb29462979b4a1e24","email":"kimberly.salas@gmail.com"},{"id":"kntnfz2y","name":"Caitlin Frank","podcast_id":"6071900fb29462979b4a1e24","email":"caitlin.frank@gmail.com"},{"id":"kntng0mj","name":"Delia Mckee","podcast_id":"6071900f3dd68afbbe5b6073","email":"delia.mckee@gmail.com"},{"id":"kntng264","name":"Velazquez Larson","podcast_id":"6071900f4eb5600b047fa04d","email":"velazquez.larson@gmail.com"},{"id":"kntng3po","name":"Monroe Perez","podcast_id":"6071900f4eb5600b047fa04d","email":"monroe.perez@gmail.com"},{"id":"kntng599","name":"Flores West","podcast_id":"6071900f4ac777d754c18dfe","email":"flores.west@gmail.com"},{"id":"kntng6st","name":"Chen Beasley","podcast_id":"6071900f7945f21aedcafb1b","email":"chen.beasley@gmail.com"},{"id":"kntng8ce","name":"Ochoa Kelly","podcast_id":"6071900f7945f21aedcafb1b","email":"ochoa.kelly@gmail.com"},{"id":"kntng9vy","name":"Klein Frazier","podcast_id":"6071900f3dacfae06e357809","email":"klein.frazier@gmail.com"},{"id":"kntngbfj","name":"Maradona Rey","podcast_id":"kntm5lx5","email":"maradona.rey@gmail.com"},{"podcast_id":"6071900f186afbe1ec4fe591","name":"Jordan Peterson","email":"jordan.peter@gmail.com","id":"ko69p0kz"},{"podcast_id":"6071900f186afbe1ec4fe591","name":"Jordan Peterson","email":"jordan.peter@gmail.com","id":"ko69r26n"},{"podcast_id":"6071900f186afbe1ec4fe591","name":"Jordan Peterson","email":"jordan.peter@gmail.com","id":"ko69retg"},{"podcast_id":"6071900f186afbe1ec4fe591","name":"Jordan Peterson","email":"jordan.peter@gmail.com","id":"ko69s1p6"},{"podcast_id":"6071900f186afbe1ec4fe591","name":"Jordan Peterson","email":"jordan.peter@gmail.com","id":"ko8h9l7n"}]