[{
    "id": "6071900f92ea165a5fef2bb5",
    "index": 14,
    "name": "DO MINIM DOLOR EU LABORIS",
    "status": "Hiatus",
    "listeners": 412010,
    "picture": "http://placehold.it/320x320",
    "about": "Quis aliquip adipisicing minim eiusmod reprehenderit id. Non eu incididunt officia pariatur. Esse consectetur fugiat veniam aute adipisicing. In veniam sunt quis exercitation. Veniam aute eu nisi cillum est ad.",
    "releaseDate": "Tuesday, November 3, 2015 9:25 AM",
    "category": "fiction"
}, {
    "id": "6071900f15b395c7ae6c07bb",
    "index": 15,
    "name": "ALIQUA ELIT NOSTRUD UT AMET",
    "status": "Ongoing",
    "listeners": 413331,
    "picture": "http://placehold.it/320x320",
    "about": "Ea qui sunt ex deserunt incididunt exercitation minim ex officia et. Magna quis irure reprehenderit aliquip. Minim dolor nostrud mollit dolor mollit cupidatat dolore labore pariatur. Tempor velit mollit anim et anim magna consequat. Tempor dolor esse do occaecat et nulla est elit proident pariatur. Cupidatat quis proident velit eu fugiat do laboris pariatur.",
    "releaseDate": "Monday, March 30, 2015 7:04 AM",
    "category": "interviews"
}, {
    "id": "6071900fea6f04f4c9d66f5d",
    "index": 16,
    "name": "ID LABORE LABORUM TEMPOR OCCAECAT",
    "status": "Hiatus",
    "listeners": 137002,
    "picture": "http://placehold.it/320x320",
    "about": "Laboris labore nisi irure mollit consectetur minim. Ipsum ipsum tempor pariatur nisi veniam esse ea tempor consectetur fugiat quis. Est dolore ut do ex.",
    "releaseDate": "Saturday, April 28, 2018 7:25 PM",
    "category": "interviews"
}, {
    "id": "6071900f601016eadde10848",
    "index": 17,
    "name": "OCCAECAT IPSUM COMMODO EST SIT",
    "status": "Completed",
    "listeners": 725622,
    "picture": "http://placehold.it/320x320",
    "about": "Dolore nisi aliqua consequat cillum ipsum pariatur. Irure magna sunt pariatur cupidatat. Lorem deserunt velit Lorem nulla esse fugiat in ex et duis. Laboris aliquip quis anim sit enim minim dolor duis excepteur nostrud. Pariatur consequat ea labore cillum minim officia proident quis. Sit proident velit culpa dolore proident qui. Ex ex incididunt adipisicing amet ipsum.",
    "releaseDate": "Tuesday, June 17, 2014 4:31 PM",
    "category": "fiction"
}, {
    "id": "6071900f88ff5849d9cc3cfb",
    "index": 18,
    "name": "CUPIDATAT ULLAMCO AUTE MAGNA NISI",
    "status": "Hiatus",
    "listeners": 855595,
    "picture": "http://placehold.it/320x320",
    "about": "Incididunt pariatur eu magna consectetur laborum. Ex excepteur nulla et ullamco id. Proident velit do commodo laborum pariatur est laborum cillum.",
    "releaseDate": "Friday, September 20, 2019 2:11 PM",
    "category": "series"
}, {
    "id": "6071900ffc7fa64d1d16f7cc",
    "index": 19,
    "name": "DO VELIT MINIM INCIDIDUNT DO",
    "status": "Hiatus",
    "listeners": 508813,
    "picture": "http://placehold.it/320x320",
    "about": "Nisi cupidatat reprehenderit tempor adipisicing esse dolor sint commodo. Ut et reprehenderit est id ut labore. Non fugiat id non qui proident in officia mollit dolore nostrud nisi magna adipisicing. Do sit occaecat dolor ex irure. Veniam commodo sunt sint nulla aliquip aute consectetur nulla eiusmod. Labore velit sunt duis qui deserunt cillum occaecat eu esse elit magna.",
    "releaseDate": "Sunday, April 7, 2019 12:59 PM",
    "category": "fiction"
}, {
    "id": "6071900fbaff87c1a9b1ff52",
    "index": 20,
    "name": "AUTE EST IPSUM COMMODO ULLAMCO",
    "status": "Completed",
    "listeners": 322433,
    "picture": "http://placehold.it/320x320",
    "about": "Quis magna consectetur nostrud dolore non occaecat consequat duis excepteur adipisicing labore. Nisi irure sint sint veniam commodo sunt mollit occaecat tempor. Proident eiusmod in labore laboris elit culpa adipisicing pariatur pariatur sunt ex nostrud Lorem elit. Ipsum pariatur do mollit minim voluptate fugiat et ea velit est in excepteur deserunt. Nostrud ex consequat ut cillum commodo sint commodo nisi reprehenderit tempor enim.",
    "releaseDate": "Friday, June 30, 2017 6:17 AM",
    "category": "fiction"
}, {
    "id": "6071900f45ba2203c9abcf76",
    "index": 21,
    "name": "MAGNA OCCAECAT ALIQUIP DUIS DO",
    "status": "Hiatus",
    "listeners": 848131,
    "picture": "http://placehold.it/320x320",
    "about": "Anim pariatur elit nisi ullamco nostrud id adipisicing dolore magna ullamco aliquip. Ex sit anim occaecat ex veniam enim mollit. Eu dolore laborum esse sit excepteur in ex ipsum esse. Ullamco voluptate duis labore sunt reprehenderit ex tempor consectetur et nulla. Enim et culpa consequat deserunt sint irure nulla mollit eiusmod tempor. Minim dolore sit non cupidatat officia irure occaecat nulla qui pariatur. Id quis mollit do fugiat.",
    "releaseDate": "Friday, July 3, 2015 9:44 PM",
    "category": "interviews"
}, {
    "id": "6071900ff1db49122ed72ef7",
    "index": 22,
    "name": "EX NON LOREM COMMODO UT",
    "status": "Completed",
    "listeners": 855937,
    "picture": "http://placehold.it/320x320",
    "about": "Ad magna labore Lorem cillum. Do cillum consectetur tempor consequat deserunt sint laborum esse. Minim esse irure voluptate Lorem mollit id laborum ut. Consequat tempor deserunt ullamco laboris consequat excepteur voluptate commodo cupidatat nulla eu ut. Ea irure eiusmod ut consectetur culpa irure veniam magna. Commodo cupidatat consectetur cillum velit do enim esse duis magna. Ex tempor ut occaecat consectetur aliqua laborum sint ea eu dolore.",
    "releaseDate": "Thursday, January 11, 2018 6:06 AM",
    "category": "fiction"
}, {
    "id": "6071900fb3f98f6627dab976",
    "index": 23,
    "name": "ULLAMCO AMET SUNT SIT ULLAMCO",
    "status": "Hiatus",
    "listeners": 449517,
    "picture": "http://placehold.it/320x320",
    "about": "Culpa incididunt aliquip ex consectetur cillum nostrud. Cillum aliquip est amet nostrud velit ex nostrud dolore nisi est eu fugiat. Cillum non Lorem officia incididunt consequat magna id esse exercitation reprehenderit nisi laborum fugiat. Duis amet amet veniam ipsum occaecat eiusmod reprehenderit ex non incididunt reprehenderit cupidatat ut eiusmod.",
    "releaseDate": "Thursday, May 31, 2018 6:24 AM",
    "category": "fiction"
}, {
    "id": "6071900f7242d3bd79ddb8ae",
    "index": 24,
    "name": "ALIQUA UT SINT EXERCITATION CUPIDATAT",
    "status": "Hiatus",
    "listeners": 629686,
    "picture": "http://placehold.it/320x320",
    "about": "Duis ad cupidatat ut labore ut cupidatat nulla sunt pariatur adipisicing commodo officia enim commodo. Ut ut minim sit sunt enim laboris. Anim est amet labore veniam do occaecat aliqua proident non labore enim nisi. Fugiat velit officia ea incididunt adipisicing fugiat qui. Enim nulla deserunt aliquip exercitation esse officia cupidatat laboris laborum ipsum nisi ex. Enim ea occaecat laboris consectetur ea labore officia Lorem ipsum cupidatat commodo qui. Officia laboris ad magna qui eu sit duis cupidatat enim aute officia quis excepteur.",
    "releaseDate": "Tuesday, August 21, 2018 4:19 AM",
    "category": "fiction"
}, {
    "id": "6071900f63ad17902977aaea",
    "index": 25,
    "name": "PARIATUR VELIT EIUSMOD OFFICIA MAGNA",
    "status": "Hiatus",
    "listeners": 637104,
    "picture": "http://placehold.it/320x320",
    "about": "Enim commodo tempor reprehenderit velit reprehenderit sunt aliqua. Laborum fugiat et pariatur non. Adipisicing elit Lorem Lorem aliquip occaecat eu deserunt minim nisi minim culpa enim anim. Aliqua cillum sint non do aliqua commodo ea minim laboris duis ullamco et dolor. Duis non tempor ex ipsum tempor voluptate duis adipisicing esse elit. Mollit pariatur aute sunt veniam quis cillum culpa esse veniam. Cillum proident culpa in id adipisicing ea.",
    "releaseDate": "Friday, November 13, 2015 2:02 PM",
    "category": "interviews"
}, {
    "id": "6071900fd4ea346b96524285",
    "index": 26,
    "name": "AMET VOLUPTATE IN AMET DOLOR",
    "status": "Completed",
    "listeners": 87119,
    "picture": "http://placehold.it/320x320",
    "about": "Do quis voluptate fugiat cillum amet ipsum nulla nostrud exercitation nostrud. Minim sit incididunt ut dolor laborum tempor incididunt et do elit esse sit in nulla. Ipsum nisi aute do officia eiusmod aliquip est ex. Lorem do deserunt eu voluptate officia ipsum labore.",
    "releaseDate": "Friday, May 10, 2019 12:04 PM",
    "category": "fiction"
}, {
    "id": "6071900f774e8dd9d8d9a1c8",
    "index": 27,
    "name": "LABORE ULLAMCO EXCEPTEUR ALIQUIP OCCAECAT",
    "status": "Ongoing",
    "listeners": 461593,
    "picture": "http://placehold.it/320x320",
    "about": "Commodo qui irure elit ea dolore. Ea ullamco do laboris ullamco minim. Ea voluptate aliquip cillum commodo ad velit quis ullamco aliquip veniam. Anim excepteur labore in non dolor in velit aute eu exercitation magna et sint. Do et culpa magna consectetur deserunt deserunt aliqua aliqua quis laborum. Amet proident et exercitation eu eu quis in Lorem ea consectetur aute sit dolor.",
    "releaseDate": "Sunday, March 23, 2014 2:46 PM",
    "category": "fiction"
}, {
    "id": "6071900ffb508af395239e51",
    "index": 28,
    "name": "CUPIDATAT VENIAM DESERUNT IRURE EA",
    "status": "Ongoing",
    "listeners": 438279,
    "picture": "http://placehold.it/320x320",
    "about": "Tempor dolore sit id nulla velit laborum et. Nulla sit proident qui laboris do. Et aliquip commodo labore cillum Lorem.",
    "releaseDate": "Wednesday, July 9, 2014 7:30 PM",
    "category": "interviews"
}, {
    "id": "6071900f18da95d3aa949d2e",
    "index": 29,
    "name": "ESSE LABORIS ANIM COMMODO EST",
    "status": "Completed",
    "listeners": 462665,
    "picture": "http://placehold.it/320x320",
    "about": "Esse nulla magna enim quis. Anim nisi in consequat magna adipisicing pariatur fugiat sint. Nostrud deserunt ullamco aute nisi eiusmod esse. Adipisicing minim amet cupidatat amet proident labore et tempor anim exercitation veniam. Duis nulla incididunt ea est deserunt laborum cupidatat laborum nisi.",
    "releaseDate": "Wednesday, December 2, 2015 6:46 PM",
    "category": "interviews"
}, {
    "id": "6071900f13a434d33790e2ad",
    "index": 30,
    "name": "MOLLIT ELIT ESSE ENIM DOLORE",
    "status": "Hiatus",
    "listeners": 246641,
    "picture": "http://placehold.it/320x320",
    "about": "Cupidatat cupidatat in non cillum occaecat irure nulla proident pariatur reprehenderit. Incididunt anim enim ex quis adipisicing. Mollit reprehenderit proident in laboris ad tempor dolor sit. Consectetur cupidatat qui ex nulla magna sunt eiusmod ea labore excepteur.",
    "releaseDate": "Sunday, February 3, 2019 9:17 PM",
    "category": "interviews"
}, {
    "id": "6071900fd7b3d7def0977821",
    "index": 31,
    "name": "AUTE ALIQUA VOLUPTATE EU ALIQUA",
    "status": "Ongoing",
    "listeners": 43802,
    "picture": "http://placehold.it/320x320",
    "about": "Ad labore velit tempor duis sit ad reprehenderit cupidatat veniam consequat mollit consectetur nostrud. Sint ipsum ipsum ad consectetur culpa aute est cupidatat. Deserunt officia in reprehenderit proident anim enim nisi magna id in amet Lorem ipsum.",
    "releaseDate": "Wednesday, February 5, 2014 2:17 PM",
    "category": "interviews"
}, {
    "id": "6071900fd33dc1c77bb798a1",
    "index": 32,
    "name": "VELIT OCCAECAT ADIPISICING MINIM IPSUM",
    "status": "Hiatus",
    "listeners": 450763,
    "picture": "http://placehold.it/320x320",
    "about": "Exercitation exercitation commodo do reprehenderit officia laboris eu laboris ullamco culpa ut minim sint. Ipsum sit labore cupidatat aliquip dolore ut sunt sunt aliqua ut aute aute ex in. Cillum aliqua cupidatat adipisicing consequat aute sint ipsum dolor ullamco eiusmod in. Incididunt qui reprehenderit incididunt pariatur commodo occaecat aliqua non dolore proident deserunt proident veniam.",
    "releaseDate": "Friday, March 13, 2020 2:59 PM",
    "category": "fiction"
}, {
    "id": "6071900fc550264d1a994163",
    "index": 33,
    "name": "MOLLIT UT QUI AMET LOREM",
    "status": "Hiatus",
    "listeners": 170653,
    "picture": "http://placehold.it/320x320",
    "about": "Et reprehenderit proident id nulla sit eu anim in veniam labore elit nulla. Mollit nulla et amet occaecat aliquip ad mollit. Qui excepteur consectetur in do aliqua elit occaecat pariatur. Dolor Lorem laborum do ex dolor officia Lorem. Minim commodo dolore ea non voluptate adipisicing aliqua esse consectetur voluptate. Velit non laboris tempor velit ipsum voluptate aute qui quis qui commodo sunt in veniam. Enim deserunt proident incididunt tempor eu reprehenderit id.",
    "releaseDate": "Saturday, August 20, 2016 10:38 AM",
    "category": "interviews"
}, {
    "id": "6071900fc34d298f7f7b458e",
    "index": 34,
    "name": "DO VOLUPTATE ULLAMCO NOSTRUD ID",
    "status": "Hiatus",
    "listeners": 612337,
    "picture": "http://placehold.it/320x320",
    "about": "Est voluptate officia proident esse enim sit aliqua adipisicing sint labore ex veniam. Nostrud minim culpa veniam proident nisi sunt incididunt velit fugiat Lorem laborum duis. Duis est exercitation amet ut magna reprehenderit non eu. Amet mollit labore proident eu ipsum dolore laboris deserunt nostrud. Eu officia labore labore proident irure eiusmod dolor ullamco veniam. Anim voluptate velit qui pariatur ex do qui elit ex.",
    "releaseDate": "Monday, May 21, 2018 11:55 PM",
    "category": "interviews"
}, {
    "id": "6071900f8c9752fcf6681668",
    "index": 35,
    "name": "LABORIS AUTE CULPA MAGNA EIUSMOD",
    "status": "Ongoing",
    "listeners": 381015,
    "picture": "http://placehold.it/320x320",
    "about": "Labore officia nisi sint qui elit sint amet. Dolor amet minim consectetur elit. Est dolore cillum velit elit excepteur. Deserunt tempor in occaecat ullamco sunt eiusmod elit adipisicing culpa.",
    "releaseDate": "Saturday, July 28, 2018 4:14 AM",
    "category": "interviews"
}, {
    "id": "6071900fb5ac3e1750ae5a2c",
    "index": 36,
    "name": "ULLAMCO VENIAM ELIT EXCEPTEUR QUI",
    "status": "Hiatus",
    "listeners": 308395,
    "picture": "http://placehold.it/320x320",
    "about": "Ipsum labore proident do quis magna occaecat velit dolore ad exercitation nostrud incididunt et duis. Esse eu nostrud magna irure. Dolor cupidatat pariatur proident tempor id. Duis et ex sunt quis ex dolor proident anim anim nisi sunt dolor amet. Quis veniam ipsum nulla aliquip quis irure esse dolor eiusmod. Aute minim amet Lorem incididunt non duis dolor voluptate velit nostrud esse enim. Ut ex mollit laborum eiusmod nulla consectetur do labore amet.",
    "releaseDate": "Friday, January 16, 2015 4:10 PM",
    "category": "fiction"
}, {
    "id": "6071900f27da800253cab6a8",
    "index": 37,
    "name": "ET IN PARIATUR ELIT TEMPOR",
    "status": "Completed",
    "listeners": 824363,
    "picture": "http://placehold.it/320x320",
    "about": "Mollit id excepteur reprehenderit velit esse dolore commodo velit cupidatat laboris est deserunt. Sint veniam labore culpa ex sunt irure mollit non ipsum qui dolore. Enim anim proident cupidatat cillum minim Lorem deserunt eu magna nostrud ut. Do mollit incididunt ullamco sunt anim commodo est deserunt qui fugiat. Dolor aliquip mollit proident aute nisi eu fugiat ut consequat. Eiusmod quis commodo laboris nisi labore.",
    "releaseDate": "Saturday, February 29, 2020 6:29 PM",
    "category": "interviews"
}, {
    "id": "6071900f42b7577aad64f67f",
    "index": 38,
    "name": "SUNT FUGIAT VOLUPTATE ESSE EIUSMOD",
    "status": "Completed",
    "listeners": 262884,
    "picture": "http://placehold.it/320x320",
    "about": "Sunt sit ex sunt sunt occaecat qui adipisicing eu duis. Aliquip sit do dolor cillum ipsum irure minim. Tempor et aliquip labore nisi et duis ea ipsum anim proident ut Lorem Lorem. Labore officia aliqua ex ea occaecat ut ut consequat do sint laboris. Veniam occaecat esse tempor ex reprehenderit reprehenderit eiusmod pariatur. Dolore labore veniam est in.",
    "releaseDate": "Wednesday, June 24, 2020 8:27 AM",
    "category": "series"
}, {
    "id": "6071900f7e542db8c225c0f7",
    "index": 39,
    "name": "ULLAMCO ELIT LABORIS QUI EST",
    "status": "Completed",
    "listeners": 884271,
    "picture": "http://placehold.it/320x320",
    "about": "Et culpa consectetur aliquip reprehenderit elit do fugiat veniam velit officia anim. Labore aliquip cillum aliquip duis tempor nostrud ipsum reprehenderit do labore aliquip. Nulla consectetur dolor magna id aliquip tempor officia. Ex nulla voluptate id eiusmod reprehenderit velit consequat incididunt mollit aliqua id occaecat sint non.",
    "releaseDate": "Tuesday, July 28, 2015 5:44 AM",
    "category": "series"
}, {
    "id": "6071900ffe748709ce05670f",
    "index": 40,
    "name": "MOLLIT LABORIS SIT ADIPISICING NISI",
    "status": "Hiatus",
    "listeners": 2543,
    "picture": "http://placehold.it/320x320",
    "about": "Consequat sint aute amet sint ea aliqua fugiat sit incididunt Lorem sunt velit cillum. Consequat fugiat sit fugiat nulla sunt non anim. Voluptate quis amet reprehenderit sint duis reprehenderit nulla qui proident incididunt elit et.",
    "releaseDate": "Friday, August 19, 2016 12:53 AM",
    "category": "fiction"
}, {
    "id": "6071900f3ffe7700d38bc5f3",
    "index": 41,
    "name": "CILLUM DESERUNT LABORUM SUNT CILLUM",
    "status": "Ongoing",
    "listeners": 481788,
    "picture": "http://placehold.it/320x320",
    "about": "Lorem tempor irure ut reprehenderit voluptate commodo sit irure sint fugiat eiusmod adipisicing enim. Pariatur esse esse elit ut aliqua dolor. Laboris Lorem deserunt magna amet pariatur ex duis. Laboris pariatur id ea sunt ipsum sunt.",
    "releaseDate": "Thursday, May 29, 2014 1:10 PM",
    "category": "interviews"
}, {
    "id": "6071900f1edab9084d845abc",
    "index": 42,
    "name": "NON ET IRURE DESERUNT EA",
    "status": "Hiatus",
    "listeners": 263208,
    "picture": "http://placehold.it/320x320",
    "about": "Qui sint consectetur excepteur ullamco minim Lorem. Dolor et aliqua occaecat duis aliqua magna deserunt fugiat commodo nisi. Aliquip excepteur nulla officia duis in ipsum voluptate cillum dolore duis. Eu consectetur aliquip laborum deserunt fugiat deserunt. Aliqua deserunt nisi anim fugiat ex esse anim elit est. Ullamco consequat consequat culpa proident minim sint deserunt deserunt laboris deserunt dolore. Ad magna dolor excepteur eiusmod labore velit nulla.",
    "releaseDate": "Thursday, November 6, 2014 12:03 PM",
    "category": "series"
}, {
    "id": "6071900ffecfe4e3d19b8084",
    "index": 43,
    "name": "CONSEQUAT ID REPREHENDERIT INCIDIDUNT AMET",
    "status": "Ongoing",
    "listeners": 812099,
    "picture": "http://placehold.it/320x320",
    "about": "Eiusmod labore dolore cillum eu consectetur qui eu officia enim mollit. Labore officia ipsum consequat esse. Officia occaecat laborum est reprehenderit labore. Sint mollit voluptate exercitation proident tempor cupidatat non enim cillum reprehenderit labore occaecat qui. Dolor exercitation veniam ullamco non pariatur ut exercitation eu. Ipsum incididunt nisi quis qui deserunt proident veniam eiusmod sunt eu minim cupidatat aliquip cupidatat. Aliqua ad nostrud aliquip in.",
    "releaseDate": "Sunday, May 31, 2015 9:24 AM",
    "category": "interviews"
}, {
    "id": "6071900f22b18347fb12112f",
    "index": 44,
    "name": "REPREHENDERIT ALIQUA DOLOR MINIM VENIAM",
    "status": "Completed",
    "listeners": 787757,
    "picture": "http://placehold.it/320x320",
    "about": "Amet deserunt anim ad eiusmod Lorem voluptate reprehenderit. Occaecat labore velit do ad. Quis aute deserunt ullamco exercitation exercitation incididunt. Aliquip eu commodo anim ex deserunt Lorem mollit elit nostrud exercitation proident est quis exercitation. Est dolor id tempor Lorem pariatur enim duis eu duis. Adipisicing sint veniam incididunt do enim. Non occaecat excepteur sit voluptate et aliquip ipsum eiusmod cillum minim deserunt elit consequat aliquip.",
    "releaseDate": "Thursday, September 26, 2019 10:15 PM",
    "category": "fiction"
}, {
    "id": "6071900fede70f3f27fbda14",
    "index": 45,
    "name": "DOLOR DUIS LOREM DO ET",
    "status": "Hiatus",
    "listeners": 113711,
    "picture": "http://placehold.it/320x320",
    "about": "Officia dolore non sunt non. In deserunt ipsum exercitation eiusmod mollit nulla minim enim in aliqua voluptate Lorem. Eu reprehenderit et sunt et commodo nostrud nostrud enim qui excepteur. Et non sunt qui non et occaecat aute exercitation amet mollit.",
    "releaseDate": "Thursday, July 7, 2016 9:37 PM",
    "category": "fiction"
}, {
    "id": "6071900fdf5dd32181669944",
    "index": 46,
    "name": "AMET QUIS AUTE QUI ANIM",
    "status": "Completed",
    "listeners": 779581,
    "picture": "http://placehold.it/320x320",
    "about": "Sunt fugiat labore nostrud ullamco sunt occaecat veniam adipisicing excepteur Lorem incididunt. Eu ad et ea magna commodo laborum voluptate. Nulla irure esse velit commodo Lorem velit exercitation aliqua magna dolor. Ex sint elit et amet dolor dolor ullamco ullamco aliqua culpa enim incididunt nisi.",
    "releaseDate": "Saturday, January 18, 2020 11:08 PM",
    "category": "interviews"
}, {
    "id": "6071900f83e9c84e14d08e18",
    "index": 47,
    "name": "DOLOR QUI DESERUNT INCIDIDUNT CONSECTETUR",
    "status": "Ongoing",
    "listeners": 218082,
    "picture": "http://placehold.it/320x320",
    "about": "Aliqua veniam voluptate non mollit enim sint cillum dolore. Laboris ut irure nisi deserunt eu officia in veniam aute. Culpa occaecat occaecat in et voluptate ea. Dolor mollit enim nisi exercitation dolore et eiusmod.",
    "releaseDate": "Wednesday, July 17, 2019 11:15 AM",
    "category": "fiction"
}, {
    "id": "6071900fd5b350b519673656",
    "index": 48,
    "name": "ENIM EST QUIS QUI ALIQUA",
    "status": "Ongoing",
    "listeners": 88910,
    "picture": "http://placehold.it/320x320",
    "about": "Elit aliqua Lorem sunt est nisi adipisicing veniam eiusmod proident non aliquip proident culpa ea. Esse voluptate exercitation non aute nostrud tempor aliquip aliqua quis dolor velit eu. Aliqua occaecat duis magna proident Lorem in Lorem id amet do ipsum. Est occaecat anim esse ad Lorem aliquip adipisicing qui aliqua ipsum.",
    "releaseDate": "Sunday, October 19, 2014 2:08 PM",
    "category": "interviews"
}, {
    "id": "6071900f155b9c8d92828ad2",
    "index": 49,
    "name": "OCCAECAT SUNT PARIATUR UT EIUSMOD",
    "status": "Ongoing",
    "listeners": 43878,
    "picture": "http://placehold.it/320x320",
    "about": "Et eu aute officia ex est. Sint non ipsum amet amet incididunt laborum id sit. Pariatur aliqua et aliquip duis do nisi officia ullamco ut aute cillum culpa veniam veniam.",
    "releaseDate": "Thursday, June 27, 2019 5:27 AM",
    "category": "interviews"
}, {
    "id": "6071900f8752a95b55264a77",
    "index": 50,
    "name": "LABORUM OCCAECAT OCCAECAT QUI TEMPOR",
    "status": "Hiatus",
    "listeners": 78873,
    "picture": "http://placehold.it/320x320",
    "about": "Irure minim reprehenderit labore laborum proident tempor ea deserunt. Id fugiat et do consequat magna duis anim dolore anim commodo in. Elit Lorem incididunt deserunt nisi ut Lorem pariatur mollit et aute cupidatat qui tempor adipisicing.",
    "releaseDate": "Thursday, October 4, 2018 12:00 AM",
    "category": "series"
}, {
    "id": "6071900f54e849d4c05b614d",
    "index": 51,
    "name": "ESSE TEMPOR LABORE CONSEQUAT AD",
    "status": "Ongoing",
    "listeners": 216618,
    "picture": "http://placehold.it/320x320",
    "about": "Esse commodo nulla occaecat adipisicing proident fugiat quis. Adipisicing aliquip officia occaecat aliquip cupidatat ea Lorem irure mollit qui. Velit deserunt Lorem fugiat laboris ea dolor magna exercitation fugiat. Sint eiusmod non ipsum quis. Proident sunt exercitation est sint aliquip ipsum velit. Voluptate do tempor velit sint elit veniam dolore velit non do sunt sunt. Aliqua quis eiusmod aliqua tempor anim sint ut aliquip.",
    "releaseDate": "Tuesday, September 5, 2017 2:47 AM",
    "category": "fiction"
}, {
    "id": "6071900f289094457bb95949",
    "index": 52,
    "name": "VOLUPTATE NON VENIAM ALIQUA NISI",
    "status": "Completed",
    "listeners": 659553,
    "picture": "http://placehold.it/320x320",
    "about": "Id dolor ipsum amet deserunt mollit officia est aute. Aliqua eu exercitation eiusmod in deserunt enim pariatur. Pariatur nostrud consequat labore Lorem do nisi in nisi. Nulla velit pariatur culpa nisi reprehenderit. Do amet occaecat proident ex occaecat mollit esse exercitation Lorem ipsum exercitation tempor et nostrud. Proident amet est incididunt est commodo tempor eiusmod anim reprehenderit magna tempor nostrud. Voluptate laboris irure pariatur sint.",
    "releaseDate": "Wednesday, April 29, 2020 9:49 PM",
    "category": "series"
}, {
    "id": "6071900f917dd1fbc1786b24",
    "index": 53,
    "name": "CILLUM EXCEPTEUR LOREM MINIM CONSECTETUR",
    "status": "Completed",
    "listeners": 197594,
    "picture": "http://placehold.it/320x320",
    "about": "Ad eu id amet excepteur eu sunt adipisicing do voluptate officia proident nostrud. Id ipsum duis laborum esse ut qui eiusmod ad veniam do excepteur in eiusmod. Minim duis ex aliqua irure. Velit exercitation incididunt pariatur ea aute eiusmod tempor aliquip minim.",
    "releaseDate": "Saturday, September 19, 2020 4:59 AM",
    "category": "fiction"
}, {
    "id": "6071900fd289449d60fb2f5f",
    "index": 54,
    "name": "FUGIAT EX EA COMMODO DESERUNT",
    "status": "Hiatus",
    "listeners": 180013,
    "picture": "http://placehold.it/320x320",
    "about": "Est esse et proident sint labore. Occaecat velit cupidatat esse laborum laborum culpa. Exercitation Lorem dolor aliquip aliquip fugiat.",
    "releaseDate": "Friday, October 26, 2018 3:37 AM",
    "category": "fiction"
}, {
    "id": "6071900f461c20360a289202",
    "index": 55,
    "name": "TEMPOR AD UT QUIS PROIDENT",
    "status": "Ongoing",
    "listeners": 828405,
    "picture": "http://placehold.it/320x320",
    "about": "Mollit dolore commodo mollit dolor aliqua proident ut consequat occaecat occaecat dolor. Incididunt cupidatat tempor ullamco ut consequat est exercitation pariatur cillum incididunt anim exercitation esse. Esse duis dolore irure Lorem magna laboris nostrud voluptate enim est magna mollit. Nostrud ex est sint proident eiusmod voluptate amet cupidatat eu elit qui laborum ad anim.",
    "releaseDate": "Wednesday, April 19, 2017 9:18 AM",
    "category": "series"
}, {
    "id": "6071900fcec82f84c1ee1975",
    "index": 56,
    "name": "QUIS AUTE ALIQUA DOLOR ANIM",
    "status": "Hiatus",
    "listeners": 171425,
    "picture": "http://placehold.it/320x320",
    "about": "Elit adipisicing est et reprehenderit ut ipsum ea voluptate consequat. Id eu excepteur velit reprehenderit est ea cillum labore anim reprehenderit fugiat. Labore ipsum proident excepteur sint nisi do excepteur dolor dolore. Enim magna et id cillum nulla aute aliqua pariatur minim esse non nisi qui. Mollit adipisicing aute irure commodo mollit ad anim sint deserunt esse et Lorem. Est sit id do proident eiusmod cillum laborum. Quis consequat consectetur exercitation velit ea anim cillum.",
    "releaseDate": "Thursday, August 20, 2020 10:21 PM",
    "category": "interviews"
}, {
    "id": "6071900f23cfaef9cee2b725",
    "index": 57,
    "name": "NISI INCIDIDUNT AUTE MINIM AMET",
    "status": "Ongoing",
    "listeners": 317067,
    "picture": "http://placehold.it/320x320",
    "about": "Excepteur anim occaecat consectetur in ullamco nostrud mollit ad fugiat culpa non eiusmod do magna. Occaecat sint sunt proident laborum duis excepteur exercitation amet sunt ullamco dolor esse minim consectetur. Ullamco ipsum reprehenderit do labore ex dolor. Duis elit enim qui reprehenderit esse. Sunt ea ex cupidatat adipisicing et excepteur elit ex nostrud consectetur.",
    "releaseDate": "Wednesday, December 23, 2015 4:17 AM",
    "category": "interviews"
}, {
    "id": "6071900f5b2c130b07afe47b",
    "index": 58,
    "name": "NISI NISI OCCAECAT QUI CILLUM",
    "status": "Completed",
    "listeners": 313474,
    "picture": "http://placehold.it/320x320",
    "about": "Proident commodo nisi nulla elit amet nisi officia eu ut cupidatat magna. Amet cupidatat nisi non anim ad deserunt magna consectetur veniam eiusmod reprehenderit in ullamco. Non do dolore deserunt in dolore. Sint sit esse dolor Lorem in ad sint cupidatat. Excepteur fugiat deserunt sunt ex.",
    "releaseDate": "Wednesday, February 3, 2021 6:18 AM",
    "category": "series"
}, {
    "id": "6071900f274cbca5eecb47e7",
    "index": 59,
    "name": "PROIDENT ANIM UT CONSEQUAT NISI",
    "status": "Ongoing",
    "listeners": 930294,
    "picture": "http://placehold.it/320x320",
    "about": "Occaecat qui exercitation ex do adipisicing nostrud mollit aute mollit nulla id. Sit ex enim sit in incididunt officia laboris irure consectetur consectetur. Sit elit voluptate ut fugiat aute eiusmod ex elit ad nostrud et amet. Aliqua voluptate proident pariatur labore nisi sit ullamco veniam ea nulla deserunt. Deserunt pariatur id ea aliquip proident voluptate amet. Id dolor consectetur ea laborum. Sint consectetur exercitation officia veniam ipsum culpa id exercitation id.",
    "releaseDate": "Sunday, August 2, 2015 8:34 PM",
    "category": "fiction"
}, {
    "id": "6071900f6f7faf4805b54d67",
    "index": 60,
    "name": "EXCEPTEUR NULLA UT DUIS NON",
    "status": "Completed",
    "listeners": 720727,
    "picture": "http://placehold.it/320x320",
    "about": "Sit nulla irure officia et. Id deserunt quis quis sint. Labore aliquip tempor aute eu.",
    "releaseDate": "Tuesday, October 11, 2016 5:29 PM",
    "category": "fiction"
}, {
    "id": "6071900fc43d08d8767593ec",
    "index": 61,
    "name": "ALIQUA CUPIDATAT NULLA DUIS QUI",
    "status": "Ongoing",
    "listeners": 519430,
    "picture": "http://placehold.it/320x320",
    "about": "Cupidatat officia elit incididunt eiusmod labore Lorem consequat veniam officia ad anim voluptate fugiat et. Aliqua mollit dolore id deserunt in tempor labore. Et ipsum duis in ullamco occaecat sunt incididunt.",
    "releaseDate": "Sunday, April 26, 2020 8:11 PM",
    "category": "series"
}, {
    "id": "6071900fe9ffc4027ec4d944",
    "index": 62,
    "name": "CONSECTETUR VENIAM CILLUM EX ELIT",
    "status": "Completed",
    "listeners": 105084,
    "picture": "http://placehold.it/320x320",
    "about": "Amet enim dolor id in in cillum cillum aliquip laboris do. Sint velit et ipsum sit ut deserunt eu fugiat exercitation pariatur ex ad. Proident deserunt minim ipsum reprehenderit occaecat consequat ex aliqua nostrud et consequat. Tempor pariatur fugiat excepteur ex sint. Laborum Lorem exercitation magna elit qui. Tempor occaecat exercitation voluptate labore ea reprehenderit excepteur ullamco labore fugiat labore labore.",
    "releaseDate": "Friday, February 8, 2019 8:37 AM",
    "category": "series"
}, {
    "id": "6071900fe4570edaeb31d62a",
    "index": 63,
    "name": "PARIATUR ELIT INCIDIDUNT IN VENIAM",
    "status": "Ongoing",
    "listeners": 409631,
    "picture": "http://placehold.it/320x320",
    "about": "Consequat ad excepteur consequat commodo Lorem aliqua. Nostrud exercitation consectetur nisi duis laborum laborum veniam dolore exercitation laboris elit tempor. Cillum mollit laborum velit ad aliqua excepteur velit sunt nisi. Incididunt non labore occaecat elit aute non ipsum adipisicing.",
    "releaseDate": "Saturday, June 25, 2016 1:44 PM",
    "category": "series"
}, {
    "id": "6071900f1f6709bf2c442f37",
    "index": 64,
    "name": "ADIPISICING DOLORE ALIQUIP SUNT ENIM",
    "status": "Hiatus",
    "listeners": 534193,
    "picture": "http://placehold.it/320x320",
    "about": "Consectetur laboris commodo reprehenderit minim officia ex adipisicing et. Commodo deserunt irure magna id exercitation Lorem sint dolore voluptate consectetur dolore magna quis aute. Veniam aute cillum mollit adipisicing officia sunt ad id eu mollit. In qui enim eiusmod sint consectetur est officia aliquip id esse veniam incididunt qui consectetur. Ad nostrud reprehenderit exercitation dolore duis. Eu eiusmod est qui in labore et quis laboris aute esse officia dolore. Nisi veniam ea magna ad.",
    "releaseDate": "Tuesday, February 18, 2020 5:18 PM",
    "category": "fiction"
}, {
    "id": "6071900fdd220635a0b60ad0",
    "index": 65,
    "name": "DUIS VELIT LABORUM SIT NULLA",
    "status": "Completed",
    "listeners": 415758,
    "picture": "http://placehold.it/320x320",
    "about": "Dolore laborum fugiat nostrud Lorem mollit eiusmod magna nostrud esse qui veniam amet aute incididunt. Cillum ullamco quis deserunt occaecat esse. Dolore fugiat eiusmod nulla qui incididunt qui cillum officia. Amet aliqua dolor aute proident magna ea elit cillum dolor voluptate nisi deserunt.",
    "releaseDate": "Wednesday, June 27, 2018 1:13 AM",
    "category": "series"
}, {
    "id": "6071900f3ddfbcd8caa8f592",
    "index": 66,
    "name": "DUIS REPREHENDERIT VOLUPTATE COMMODO SINT",
    "status": "Completed",
    "listeners": 610939,
    "picture": "http://placehold.it/320x320",
    "about": "Ut laboris ea excepteur fugiat minim ex aliqua adipisicing. Incididunt laborum commodo labore aliqua pariatur laboris est qui laborum. Id veniam esse esse est incididunt ad et pariatur amet sunt nostrud consectetur mollit nostrud. Dolor velit cupidatat laboris culpa ex ad exercitation qui dolor aliquip adipisicing eiusmod consequat velit. Amet consectetur proident proident est incididunt tempor dolore adipisicing. Irure reprehenderit pariatur ad ad nostrud et mollit. Cillum Lorem cillum pariatur occaecat ut irure ad.",
    "releaseDate": "Saturday, February 28, 2015 4:24 AM",
    "category": "interviews"
}, {
    "id": "6071900fe82f85eb2fb4a83c",
    "index": 67,
    "name": "LABORUM EIUSMOD DUIS DO CILLUM",
    "status": "Ongoing",
    "listeners": 283629,
    "picture": "http://placehold.it/320x320",
    "about": "Sunt mollit ex laborum aute commodo. Ipsum ex culpa nostrud nulla quis magna. Laborum officia cillum esse eiusmod reprehenderit elit ullamco sint do cupidatat sunt in pariatur tempor. Amet proident nostrud fugiat eiusmod deserunt duis exercitation. Anim amet non velit eiusmod. Ad fugiat nulla mollit eu reprehenderit excepteur nulla duis incididunt pariatur in. Exercitation fugiat consectetur non amet tempor sint dolor duis aliqua ullamco.",
    "releaseDate": "Saturday, September 28, 2019 2:38 AM",
    "category": "series"
}, {
    "id": "6071900fdd417f811aa91815",
    "index": 68,
    "name": "INCIDIDUNT OCCAECAT EXERCITATION PARIATUR CUPIDATAT",
    "status": "Completed",
    "listeners": 827104,
    "picture": "http://placehold.it/320x320",
    "about": "Enim mollit sit fugiat ea cillum sint do aliquip exercitation labore ullamco. Irure est nulla fugiat velit nostrud aute ex sit velit deserunt aliquip. Fugiat consectetur qui laborum in. Aliqua officia esse ipsum sint ea laboris in cupidatat commodo minim sit consectetur mollit. Commodo nostrud veniam incididunt cillum quis ex et veniam.",
    "releaseDate": "Friday, March 10, 2017 5:04 AM",
    "category": "interviews"
}, {
    "id": "6071900f9d7ffdb667d368ea",
    "index": 69,
    "name": "DO CONSECTETUR ESSE UT EA",
    "status": "Hiatus",
    "listeners": 789263,
    "picture": "http://placehold.it/320x320",
    "about": "Nulla velit do elit ex fugiat ad nulla sint sunt ipsum. Culpa sunt et dolor est deserunt labore in commodo consequat ex. Velit excepteur reprehenderit veniam veniam veniam ipsum tempor. Aliqua eu ad fugiat sunt esse incididunt ea Lorem qui. Officia anim non cillum elit id ullamco. Amet incididunt voluptate anim non nostrud qui consectetur dolore ad ex id ut ut duis.",
    "releaseDate": "Saturday, March 27, 2021 9:42 PM",
    "category": "series"
}, {
    "id": "6071900f13f54d8366b18f00",
    "index": 70,
    "name": "AUTE AMET EU LABORUM ULLAMCO",
    "status": "Hiatus",
    "listeners": 267928,
    "picture": "http://placehold.it/320x320",
    "about": "Adipisicing do proident qui elit exercitation veniam irure. Laborum id nisi sunt in id elit ea deserunt. Cillum velit et ullamco dolore reprehenderit laborum amet. In adipisicing officia pariatur pariatur occaecat mollit adipisicing non. Consectetur Lorem reprehenderit aliqua fugiat voluptate quis est.",
    "releaseDate": "Saturday, June 27, 2015 4:19 AM",
    "category": "series"
}, {
    "id": "6071900f76643d454f877ef1",
    "index": 71,
    "name": "EX EU EA CULPA LABORUM",
    "status": "Hiatus",
    "listeners": 972196,
    "picture": "http://placehold.it/320x320",
    "about": "Lorem ad quis proident laboris. Aliquip culpa nostrud reprehenderit ea exercitation est. Non culpa minim nostrud laborum enim pariatur deserunt. Enim esse cillum ad pariatur sunt aliqua et culpa. Excepteur irure quis consequat nisi. Laboris incididunt ipsum minim sint velit.",
    "releaseDate": "Monday, November 16, 2015 10:15 AM",
    "category": "interviews"
}, {
    "id": "6071900f1957b21a62f77716",
    "index": 72,
    "name": "ALIQUIP IPSUM AUTE PROIDENT ID",
    "status": "Hiatus",
    "listeners": 883624,
    "picture": "http://placehold.it/320x320",
    "about": "Reprehenderit occaecat magna sit anim et adipisicing exercitation. Quis amet et est commodo ea laborum fugiat ut tempor laborum irure esse tempor dolore. Ipsum sit ut ipsum consequat ullamco esse aliquip sit proident. Occaecat aliqua exercitation id nulla consectetur sunt minim. Officia minim anim proident pariatur ex ullamco eu non qui ut commodo consequat minim ipsum.",
    "releaseDate": "Thursday, May 12, 2016 11:49 AM",
    "category": "interviews"
}, {
    "id": "6071900f15d9886c18ad5302",
    "index": 73,
    "name": "CUPIDATAT EA LOREM DESERUNT NULLA",
    "status": "Completed",
    "listeners": 214777,
    "picture": "http://placehold.it/320x320",
    "about": "Qui est elit nisi do sunt voluptate sint amet qui mollit. Qui sunt consequat ipsum laboris elit duis esse. Duis velit velit cillum minim laborum quis cupidatat id eiusmod laborum aliqua nostrud elit. Commodo magna tempor magna commodo incididunt incididunt nisi. Duis eu mollit in magna est magna qui do enim reprehenderit ea irure qui.",
    "releaseDate": "Saturday, October 20, 2018 11:39 AM",
    "category": "interviews"
}, {
    "id": "6071900f8391342638f6952a",
    "index": 74,
    "name": "SINT ADIPISICING ELIT DESERUNT REPREHENDERIT",
    "status": "Completed",
    "listeners": 763658,
    "picture": "http://placehold.it/320x320",
    "about": "Enim tempor mollit tempor tempor eu elit culpa esse adipisicing eu minim ad ad. Minim anim ex excepteur eu commodo ipsum. Ex dolor ex non fugiat cupidatat reprehenderit in voluptate elit velit elit pariatur ea. Sunt ipsum minim excepteur adipisicing consequat. Commodo cillum voluptate culpa nostrud non aliquip nulla consequat. Amet cupidatat enim nulla ea fugiat. Officia eiusmod nostrud magna eiusmod.",
    "releaseDate": "Wednesday, May 3, 2017 11:09 PM",
    "category": "series"
}, {
    "id": "6071900f68dccd3f484830f5",
    "index": 75,
    "name": "PARIATUR EXERCITATION OCCAECAT DOLOR ET",
    "status": "Completed",
    "listeners": 479918,
    "picture": "http://placehold.it/320x320",
    "about": "Sit duis sunt ea mollit officia labore eiusmod dolor id non aute id magna. Nisi amet eiusmod ullamco eiusmod laborum eiusmod veniam ex anim tempor. Do laborum magna nulla incididunt esse minim reprehenderit consequat dolore et laborum et. Est ullamco laborum cillum non esse aliquip aliqua minim anim culpa deserunt excepteur ad. Id do anim adipisicing eiusmod sit quis eu aliquip tempor esse consectetur est ipsum dolor. Non nisi tempor occaecat adipisicing deserunt ullamco culpa duis do nostrud consequat voluptate adipisicing.",
    "releaseDate": "Saturday, March 24, 2018 4:01 AM",
    "category": "series"
}, {
    "id": "6071900f76b7a7df48f1f0e0",
    "index": 76,
    "name": "CONSECTETUR TEMPOR EIUSMOD AUTE IPSUM",
    "status": "Hiatus",
    "listeners": 534842,
    "picture": "http://placehold.it/320x320",
    "about": "Est proident deserunt nulla tempor culpa aliqua excepteur nisi labore labore exercitation. Eiusmod ea excepteur quis in deserunt sunt et. Tempor sit occaecat sit occaecat nulla anim nostrud sunt consequat ullamco. Ea incididunt sit magna sit.",
    "releaseDate": "Monday, September 26, 2016 10:04 AM",
    "category": "interviews"
}, {
    "id": "6071900fc1283fd373fbce57",
    "index": 77,
    "name": "MOLLIT MOLLIT PARIATUR CILLUM FUGIAT",
    "status": "Hiatus",
    "listeners": 720413,
    "picture": "http://placehold.it/320x320",
    "about": "Eiusmod officia esse ipsum aliqua cillum veniam anim adipisicing qui aliquip. Cupidatat aliqua dolor cillum occaecat. Fugiat amet ex sit est. Nulla pariatur enim pariatur velit cupidatat in quis veniam.",
    "releaseDate": "Saturday, January 27, 2018 2:43 PM",
    "category": "interviews"
}, {
    "id": "6071900f87276147a91dccd5",
    "index": 78,
    "name": "VENIAM LABORE ULLAMCO LOREM MINIM",
    "status": "Hiatus",
    "listeners": 798511,
    "picture": "http://placehold.it/320x320",
    "about": "Deserunt adipisicing duis reprehenderit velit proident commodo. Mollit excepteur ut esse qui officia. Consequat consectetur ad id adipisicing in irure.",
    "releaseDate": "Thursday, August 17, 2017 5:52 PM",
    "category": "series"
}, {
    "id": "6071900f31a8f18e179eaca1",
    "index": 79,
    "name": "ESSE CONSEQUAT MAGNA DESERUNT ENIM",
    "status": "Ongoing",
    "listeners": 943529,
    "picture": "http://placehold.it/320x320",
    "about": "Aute incididunt occaecat sit esse fugiat fugiat quis elit. Deserunt do consectetur laboris dolor incididunt. Magna elit sit sunt aliquip veniam elit deserunt ut commodo sit quis. Est amet nulla ea cupidatat dolore duis. Quis aliquip sint occaecat excepteur amet Lorem magna enim ut. Quis do reprehenderit non velit aliquip amet cupidatat cillum.",
    "releaseDate": "Sunday, October 20, 2019 11:11 AM",
    "category": "interviews"
}, {
    "id": "6071900f44df2855518d5a32",
    "index": 80,
    "name": "CONSEQUAT VOLUPTATE NON ANIM LOREM",
    "status": "Ongoing",
    "listeners": 411769,
    "picture": "http://placehold.it/320x320",
    "about": "Officia fugiat magna labore sunt. Quis est dolore ad nisi elit anim eiusmod mollit nulla consectetur laborum sint nisi. Velit occaecat ut consequat Lorem velit enim amet commodo et ullamco cupidatat. Laboris exercitation magna dolor tempor sunt. Ea exercitation duis anim esse dolore anim incididunt culpa cillum eiusmod. Deserunt id minim anim tempor ex occaecat sint ex. Anim ullamco fugiat consectetur irure irure ut laboris ipsum nisi.",
    "releaseDate": "Saturday, February 3, 2018 8:04 AM",
    "category": "fiction"
}, {
    "id": "6071900f79b25ebdb0259973",
    "index": 81,
    "name": "QUI DO INCIDIDUNT REPREHENDERIT OCCAECAT",
    "status": "Completed",
    "listeners": 935577,
    "picture": "http://placehold.it/320x320",
    "about": "Voluptate occaecat non ut aliquip aliquip aliquip dolore fugiat velit adipisicing cillum excepteur aute. Et ullamco dolore nostrud proident qui quis aliquip labore sit. Tempor eu quis laboris nisi sit in nostrud deserunt et. Officia duis magna occaecat ullamco mollit sunt veniam Lorem non nostrud nostrud qui.",
    "releaseDate": "Sunday, July 12, 2015 10:04 AM",
    "category": "fiction"
}, {
    "id": "6071900f21d6266104083382",
    "index": 82,
    "name": "DESERUNT MAGNA LABORUM NOSTRUD IN",
    "status": "Ongoing",
    "listeners": 80687,
    "picture": "http://placehold.it/320x320",
    "about": "Laborum ut aliquip proident pariatur adipisicing ex enim eiusmod nostrud. Aute qui ullamco duis pariatur ea cillum excepteur ipsum et aliquip. Velit excepteur incididunt Lorem enim sit aute. Labore irure ipsum ea nulla sunt. Esse non eiusmod Lorem incididunt fugiat nisi do tempor id magna. Ea cupidatat veniam ex nisi labore. Minim est ea occaecat ea aliquip sunt eu dolor ad magna qui nostrud.",
    "releaseDate": "Friday, May 3, 2019 1:01 PM",
    "category": "interviews"
}, {
    "id": "6071900f06ef55587d811796",
    "index": 83,
    "name": "SIT REPREHENDERIT COMMODO PARIATUR PARIATUR",
    "status": "Hiatus",
    "listeners": 420980,
    "picture": "http://placehold.it/320x320",
    "about": "Cupidatat laborum enim tempor fugiat eiusmod voluptate eiusmod. Lorem deserunt et laborum eiusmod eiusmod occaecat ullamco adipisicing cillum veniam elit. Veniam sint et sint occaecat cillum labore aliqua quis dolore deserunt magna non nostrud. Officia occaecat id amet duis qui fugiat duis nisi duis id mollit. Ad irure ullamco commodo eiusmod consectetur ullamco duis culpa ad exercitation.",
    "releaseDate": "Monday, July 9, 2018 3:02 AM",
    "category": "interviews"
}, {
    "id": "6071900fff6a75efa85f99d2",
    "index": 84,
    "name": "EXERCITATION DESERUNT PROIDENT MAGNA EA",
    "status": "Completed",
    "listeners": 628144,
    "picture": "http://placehold.it/320x320",
    "about": "Irure minim in et do non ipsum ex exercitation id minim. Dolore ut consequat ut velit duis aliquip. Est Lorem mollit anim consectetur reprehenderit eu. Dolor adipisicing consequat esse ullamco nostrud dolore Lorem id aliqua.",
    "releaseDate": "Wednesday, June 19, 2019 4:05 AM",
    "category": "interviews"
}, {
    "id": "6071900fb86f94a40e9754db",
    "index": 85,
    "name": "DOLORE IN EIUSMOD MOLLIT ID",
    "status": "Completed",
    "listeners": 317445,
    "picture": "http://placehold.it/320x320",
    "about": "Velit laboris fugiat non in et officia laboris esse duis in laborum incididunt exercitation velit. Dolore sit laboris mollit minim proident nostrud sunt consequat mollit est do sunt nisi consectetur. Culpa quis in reprehenderit reprehenderit velit minim nulla do laborum eiusmod sunt est. Duis irure labore aliqua adipisicing sunt excepteur quis magna. Velit ea id deserunt cillum culpa enim officia quis do quis eu aliqua commodo. Ipsum consectetur fugiat ipsum eiusmod aute minim exercitation mollit cupidatat sunt proident anim.",
    "releaseDate": "Saturday, December 5, 2015 2:58 AM",
    "category": "fiction"
}, {
    "id": "6071900f158a2884da7dcabf",
    "index": 86,
    "name": "CONSECTETUR LABORIS IN IRURE NOSTRUD",
    "status": "Completed",
    "listeners": 778081,
    "picture": "http://placehold.it/320x320",
    "about": "Reprehenderit sint sint commodo sunt esse qui. Proident elit aliquip velit amet laboris ullamco sint esse consequat do veniam culpa deserunt. Tempor cupidatat ut sunt deserunt occaecat id aliqua in nulla cupidatat quis nostrud reprehenderit ut. Quis qui ipsum irure mollit ullamco. Nisi elit cillum cupidatat qui incididunt quis do proident do ex enim tempor.",
    "releaseDate": "Friday, September 18, 2015 12:09 AM",
    "category": "fiction"
}, {
    "id": "6071900f0438ac23aa52dd07",
    "index": 87,
    "name": "ADIPISICING ALIQUIP ESSE CUPIDATAT CULPA",
    "status": "Completed",
    "listeners": 986773,
    "picture": "http://placehold.it/320x320",
    "about": "Nostrud sit ut culpa fugiat sit. Esse ipsum tempor aute aliqua adipisicing velit proident qui labore reprehenderit adipisicing. Nisi deserunt laborum magna nostrud do id aute irure pariatur et ea ipsum.",
    "releaseDate": "Tuesday, May 5, 2015 7:13 AM",
    "category": "series"
}, {
    "id": "6071900f3987a7fca928286d",
    "index": 88,
    "name": "VENIAM EXERCITATION ALIQUA COMMODO EST",
    "status": "Completed",
    "listeners": 843801,
    "picture": "http://placehold.it/320x320",
    "about": "Nisi ipsum nostrud consequat velit. Occaecat dolore qui aute labore sit velit cillum non proident minim adipisicing incididunt. Mollit dolor voluptate nisi tempor.",
    "releaseDate": "Tuesday, February 13, 2018 1:57 PM",
    "category": "interviews"
}, {
    "id": "6071900f0c3c4cf25fd0ac2c",
    "index": 89,
    "name": "EIUSMOD MINIM ID NULLA SIT",
    "status": "Hiatus",
    "listeners": 148857,
    "picture": "http://placehold.it/320x320",
    "about": "Commodo magna occaecat consectetur officia id officia duis ut ea. Id sint exercitation deserunt labore ut consequat Lorem laborum dolore. Nostrud eiusmod aliqua occaecat do. Sint do ullamco sit reprehenderit aliqua aute ut proident voluptate veniam reprehenderit quis tempor eiusmod. Cupidatat in voluptate incididunt minim minim exercitation quis cillum adipisicing ea veniam adipisicing aute aliquip. Minim dolor eiusmod consequat do ullamco pariatur.",
    "releaseDate": "Tuesday, January 5, 2016 8:45 AM",
    "category": "interviews"
}, {
    "id": "6071900f472f367a9c132074",
    "index": 90,
    "name": "VOLUPTATE MINIM IRURE DO CULPA",
    "status": "Completed",
    "listeners": 253090,
    "picture": "http://placehold.it/320x320",
    "about": "Aliquip nisi dolore velit ea incididunt anim minim sunt ad. Cupidatat occaecat do tempor aliqua. Irure excepteur nostrud exercitation sunt adipisicing proident ut velit sunt elit ut. Labore ad do et nulla. Id aliquip id ad veniam do ad fugiat aliqua irure sunt irure qui pariatur. In duis elit laboris eu in. Id cupidatat consequat tempor dolor labore pariatur incididunt anim fugiat occaecat veniam cupidatat.",
    "releaseDate": "Wednesday, June 8, 2016 3:54 AM",
    "category": "series"
}, {
    "id": "6071900f76f2f02e1e446e45",
    "index": 91,
    "name": "NON OFFICIA EST AUTE EA",
    "status": "Ongoing",
    "listeners": 282382,
    "picture": "http://placehold.it/320x320",
    "about": "In ipsum voluptate esse in consectetur adipisicing tempor veniam laborum aliquip minim aliqua ipsum. Exercitation eiusmod do laborum amet. Eiusmod non aliquip occaecat eu non est id commodo tempor qui enim. Aliquip velit cillum id nulla. Non sint id excepteur laboris ad excepteur ut ex voluptate labore reprehenderit ipsum mollit eu.",
    "releaseDate": "Monday, December 29, 2014 11:09 AM",
    "category": "series"
}, {
    "id": "6071900fb29462979b4a1e24",
    "index": 92,
    "name": "ULLAMCO ID AD INCIDIDUNT LOREM",
    "status": "Ongoing",
    "listeners": 614062,
    "picture": "http://placehold.it/320x320",
    "about": "Ad sit minim consequat officia velit deserunt cupidatat Lorem esse anim deserunt. Dolore irure nulla commodo laborum eu aliqua ipsum dolore ad in aute ad do id. Culpa irure ad incididunt elit velit fugiat ut nostrud in esse quis. Ipsum amet dolor ex sit labore magna consectetur cillum in et.",
    "releaseDate": "Monday, February 5, 2018 8:08 PM",
    "category": "series"
}, {
    "id": "6071900f3dd68afbbe5b6073",
    "index": 93,
    "name": "CONSEQUAT LABORE OCCAECAT EXERCITATION EU",
    "status": "Ongoing",
    "listeners": 843109,
    "picture": "http://placehold.it/320x320",
    "about": "Eiusmod excepteur est aliqua officia et. Consectetur excepteur cillum ad exercitation ullamco deserunt laborum velit consequat. Voluptate Lorem duis est laborum nulla ipsum voluptate.",
    "releaseDate": "Thursday, August 22, 2019 4:53 AM",
    "category": "series"
}, {
    "id": "6071900f4eb5600b047fa04d",
    "index": 94,
    "name": "INCIDIDUNT VELIT IRURE ULLAMCO CULPA",
    "status": "Ongoing",
    "listeners": 946861,
    "picture": "http://placehold.it/320x320",
    "about": "Laboris deserunt minim nostrud amet sunt exercitation est consectetur. Deserunt incididunt minim id tempor exercitation Lorem adipisicing officia. Commodo commodo id officia aute deserunt mollit. Mollit quis tempor anim Lorem sit. Excepteur irure nostrud elit aliquip. Commodo dolor voluptate sunt dolor dolore irure excepteur proident commodo ad amet qui exercitation fugiat.",
    "releaseDate": "Sunday, January 19, 2014 7:49 AM",
    "category": "interviews"
}, {
    "id": "6071900f4ac777d754c18dfe",
    "index": 95,
    "name": "COMMODO ELIT VOLUPTATE CUPIDATAT EX",
    "status": "Completed",
    "listeners": 476131,
    "picture": "http://placehold.it/320x320",
    "about": "Voluptate mollit fugiat ea ex. Commodo Lorem laborum ut ut. Irure ullamco voluptate anim enim magna amet exercitation dolor sunt velit.",
    "releaseDate": "Friday, October 18, 2019 2:42 PM",
    "category": "interviews"
}, {
    "id": "6071900f7945f21aedcafb1b",
    "index": 96,
    "name": "ANIM AMET EXCEPTEUR REPREHENDERIT INCIDIDUNT",
    "status": "Ongoing",
    "listeners": 995612,
    "picture": "http://placehold.it/320x320",
    "about": "Dolore eu irure tempor elit eu. Ea esse nulla laboris consequat sint deserunt. Dolor ut excepteur sint commodo voluptate proident voluptate. Ad do labore eiusmod pariatur pariatur non id consectetur cupidatat deserunt voluptate fugiat.",
    "releaseDate": "Saturday, March 14, 2015 10:58 AM",
    "category": "fiction"
}, {
    "id": "6071900f3dacfae06e357809",
    "index": 97,
    "name": "UT MINIM CILLUM ID ET",
    "status": "Ongoing",
    "listeners": 955108,
    "picture": "http://placehold.it/320x320",
    "about": "Veniam ipsum commodo eiusmod consectetur mollit occaecat amet. Enim mollit exercitation eu velit voluptate excepteur quis mollit labore nostrud commodo ut. Enim deserunt et tempor nisi consequat proident est aliqua est ipsum incididunt. Ullamco labore reprehenderit voluptate qui exercitation sunt ad eu eiusmod mollit ea consequat. Commodo ea ex qui veniam culpa.",
    "releaseDate": "Sunday, December 21, 2014 6:15 AM",
    "category": "fiction"
}, {
    "id": "kntm5lx5",
    "name": "Hello There 108",
    "status": "Hiatus",
    "listeners": 58100,
    "picture": "http://placehold.it/320x320",
    "about": "Reprehenderit nulla veniam ex proident veniam dolor do elit proident cupidatat ullamco. Nulla ea sint ea nisi ipsum. Laboris quis anim ad pariatur. Irure magna officia veniam eu ad cupidatat in ullamco in do Lorem deserunt.",
    "releaseDate": "Wednesday, March 200",
    "category": "fiction"
}]