[{"id":"608cae745f09daa2a90e9dff","picture":"http://placehold.it/32x32","name":"Agnes Mercado","email":"agnesmercado@exerta.com","registered":"2019-09-24T07:38:13 -01:00"},{"id":"608cae746eebae762272e4a8","picture":"http://placehold.it/32x32","name":"Christi Parsons","email":"christiparsons@exerta.com","registered":"2020-12-22T09:47:00 -01:00"},{"id":"608cae7455a7ad2045031067","picture":"http://placehold.it/32x32","name":"Roth Gould","email":"rothgould@exerta.com","registered":"2014-06-23T03:08:27 -01:00"},{"id":"608cae7449ab37c62bc1b896","picture":"http://placehold.it/32x32","name":"Heidi Guzman","email":"heidiguzman@exerta.com","registered":"2018-03-12T09:20:28 -01:00"},{"id":"608cae7414bcf5efa19246c9","picture":"http://placehold.it/32x32","name":"Peters Delgado","email":"petersdelgado@exerta.com","registered":"2020-07-05T11:43:34 -01:00"},{"id":"608cae74afaf5c57b5902711","picture":"http://placehold.it/32x32","name":"Harvey Shelton","email":"harveyshelton@exerta.com","registered":"2021-01-19T04:01:21 -01:00"},{"id":"608cae740d6d8c32fac44b8e","picture":"http://placehold.it/32x32","name":"Knox Horn","email":"knoxhorn@exerta.com","registered":"2020-04-22T06:21:30 -01:00"},{"id":"608cae742af5c047475142c2","picture":"http://placehold.it/32x32","name":"Ila Mayer","email":"ilamayer@exerta.com","registered":"2019-05-25T08:06:07 -01:00"},{"id":"608cae745c6f19c36a8d9196","picture":"http://placehold.it/32x32","name":"Branch Bass","email":"branchbass@exerta.com","registered":"2015-06-22T07:06:31 -01:00"},{"id":"608cae74aafbc1b2e2f1f376","picture":"http://placehold.it/32x32","name":"Day Meyers","email":"daymeyers@exerta.com","registered":"2019-11-06T02:36:23 -01:00"},{"id":"608cae740cfa4f5e696cea21","picture":"http://placehold.it/32x32","name":"Tiffany Gutierrez","email":"tiffanygutierrez@exerta.com","registered":"2015-07-23T11:19:55 -01:00"},{"id":"608cae7427c5ddf75c24b457","picture":"http://placehold.it/32x32","name":"Autumn Burris","email":"autumnburris@exerta.com","registered":"2015-11-09T11:07:06 -01:00"},{"id":"608cae74948728c97c512608","picture":"http://placehold.it/32x32","name":"Paul Landry","email":"paullandry@exerta.com","registered":"2021-04-12T11:15:04 -01:00"},{"id":"608cae74826bc92c112eb9a7","picture":"http://placehold.it/32x32","name":"Rosa Schwartz","email":"rosaschwartz@exerta.com","registered":"2017-02-08T01:18:10 -01:00"},{"id":"608cae747dc7a9a14ca19b67","picture":"http://placehold.it/32x32","name":"Gilda Jordan","email":"gildajordan@exerta.com","registered":"2017-11-10T09:06:41 -01:00"},{"id":"608cae7415f253ae205d42dc","picture":"http://placehold.it/32x32","name":"Joan Richard","email":"joanrichard@exerta.com","registered":"2019-06-27T06:42:55 -01:00"},{"id":"608cae745e20dd592dfc3f3a","picture":"http://placehold.it/32x32","name":"Sutton Drake","email":"suttondrake@exerta.com","registered":"2017-04-19T07:47:51 -01:00"},{"id":"608cae7437fc97b8d2db5e12","picture":"http://placehold.it/32x32","name":"Priscilla Chapman","email":"priscillachapman@exerta.com","registered":"2016-06-04T12:41:29 -01:00"},{"id":"608cae7449e2c30d4988568b","picture":"http://placehold.it/32x32","name":"Eva Burke","email":"evaburke@exerta.com","registered":"2016-10-31T09:42:38 -01:00"},{"id":"608cae7418e276e44d35c010","picture":"http://placehold.it/32x32","name":"Abbott Lowery","email":"abbottlowery@exerta.com","registered":"2018-08-29T02:46:28 -01:00"},{"name":"Abdallah Lotfi","email":"abdallah.lotfi@gmail.com","password":"$2a$08$qVT2xKffjKPKqmhJHwc28.43OaINe5e2aZpLTkHv0LQ2CDXCP7Jjq","id":"ko984ue4"},{"name":"Abdallah Lotfi","email":"abdallah.lotfi@gmail.com","password":"$2a$08$XMZiScrVsre735W4rvx..unnwUV56jy5CRL.qWZfb.F521ro6OOGy","id":"ko98603m"},{"name":"Abdallah Lotfi","email":"abdallah.lotfi@gmail.com","password":"$2a$08$mT97o8ntDgWcl0wgTxqHCOFWNt9V3x2.n0fKBOjrFI3XAMSjxSfO6","id":"ko9886lk"},{"name":"Abdallah Lotfi","email":"abdallah.lotfi@gmail.com","password":"$2a$08$knCCwvq3Mq08WVjMhjX14eAdZAG.cFAjUHPfA/zyH4vQTef9l0f4.","id":"ko98lr33"}]